Workbook
Name A: Membership_Data!$G$2
Name B: Membership_Data!$G$3
Name D: Membership_Data!$G$4
Name MB: Membership_Data!$A$1:$I$201

Sheet Membership_Data
A1: Member ID | B1: Join Date | C1: Member Name | D1: Age | E1: Gender | F1: Membership Type | G1: Monthly Fee | H1: Status | I1: City
A2: M001 | B2: 45624 | C2: Karen Young | D2: 18 | E2: Female | F2: =IF(G2=A,"Basic", IF(G2=D,"Standard", IF(G2=B,"Premium","Not Paid"))) -> Basic | G2: $40 | H2: {=_xlfn.IFS(D2>50,"Inactive",D2<=50,"Active")} -> Active | I2: San Antonio
A3: M002 | B3: 45859 | C3: Mary Lee | D3: 54 | E3: Female | F3: =IF(G3=A,"Basic", IF(G3=D,"Standard", IF(G3=B,"Premium","Not Paid"))) -> Premium | G3: $80 | H3: {=_xlfn.IFS(D3>50,"Inactive",D3<=50,"Active")} -> Inactive | I3: San Antonio
A4: M003 | B4: 45454 | C4: Ryan Harris | D4: 36 | E4: Male | F4: =IF(G4=A,"Basic", IF(G4=D,"Standard", IF(G4=B,"Premium","Not Paid"))) -> Standard | G4: $60 | H4: {=_xlfn.IFS(D4>50,"Inactive",D4<=50,"Active")} -> Active | I4: San Antonio
A5: M004 | B5: 45778 | C5: John Scott | D5: 50 | E5: Male | F5: =IF(G5=A,"Basic", IF(G5=D,"Standard", IF(G5=B,"Premium","Not Paid"))) -> Basic | G5: $40 | H5: {=_xlfn.IFS(D5>50,"Inactive",D5<=50,"Active")} -> Active | I5: San Antonio
A6: M005 | B6: 45588 | C6: Gary Hill | D6: 65 | E6: Female | F6: =IF(G6=A,"Basic", IF(G6=D,"Standard", IF(G6=B,"Premium","Not Paid"))) -> Premium | G6: $80 | H6: {=_xlfn.IFS(D6>50,"Inactive",D6<=50,"Active")} -> Inactive | I6: San Antonio
A7: M006 | B7: 45968 | C7: Kevin Moore | D7: 64 | E7: Female | F7: =IF(G7=A,"Basic", IF(G7=D,"Standard", IF(G7=B,"Premium","Not Paid"))) -> Standard | G7: $60 | H7: {=_xlfn.IFS(D7>50,"Inactive",D7<=50,"Active")} -> Inactive | I7: San Antonio
A8: M007 | B8: 45436 | C8: Jason Taylor | D8: 28 | E8: Male | F8: =IF(G8=A,"Basic", IF(G8=D,"Standard", IF(G8=B,"Premium","Not Paid"))) -> Basic | G8: $40 | H8: {=_xlfn.IFS(D8>50,"Inactive",D8<=50,"Active")} -> Active | I8: San Antonio
A9: M008 | B9: 45827 | C9: Mark Wright | D9: 50 | E9: Male | F9: =IF(G9=A,"Basic", IF(G9=D,"Standard", IF(G9=B,"Premium","Not Paid"))) -> Premium | G9: $80 | H9: {=_xlfn.IFS(D9>50,"Inactive",D9<=50,"Active")} -> Active | I9: San Antonio
A10: M009 | B10: 45443 | C10: William Torres | D10: 64 | E10: Female | F10: =IF(G10=A,"Basic", IF(G10=D,"Standard", IF(G10=B,"Premium","Not Paid"))) -> Standard | G10: $60 | H10: {=_xlfn.IFS(D10>50,"Inactive",D10<=50,"Active")} -> Inactive | I10: San Antonio
A11: M010 | B11: 45604 | C11: Karen Lopez | D11: 60 | E11: Female | F11: =IF(G11=A,"Basic", IF(G11=D,"Standard", IF(G11=B,"Premium","Not Paid"))) -> Basic | G11: $40 | H11: {=_xlfn.IFS(D11>50,"Inactive",D11<=50,"Active")} -> Inactive | I11: San Antonio
A12: M011 | B12: 45485 | C12: Joshua Jackson | D12: 45 | E12: Male | F12: =IF(G12=A,"Basic", IF(G12=D,"Standard", IF(G12=B,"Premium","Not Paid"))) -> Premium | G12: $80 | H12: {=_xlfn.IFS(D12>50,"Inactive",D12<=50,"Active")} -> Active | I12: San Antonio
A13: M012 | B13: 45945 | C13: Ashley Allen | D13: 49 | E13: Male | F13: =IF(G13=A,"Basic", IF(G13=D,"Standard", IF(G13=B,"Premium","Not Paid"))) -> Standard | G13: $60 | H13: {=_xlfn.IFS(D13>50,"Inactive",D13<=50,"Active")} -> Active | I13: San Antonio
... A201: M200 | B201: 45490 | C201: Donald Anderson | D201: 48 | E201: Male | F201: =IF(G201=A,"Basic", IF(G201=D,"Standard", IF(G201=B,"Premium","Not Paid"))) -> Premium | G201: $80 | H201: {=_xlfn.IFS(D201>50,"Inactive",D201<=50,"Active")} -> Active | I201: San Antonio

Sheet Attendance Data
A1: Attendance ID | B1: Member ID | C1: Date | D1: Check-in Time | E1: Workout Type | F1: Duration (Minutes)
A2: GYM-20251224-001 | B2: M001 | C2: =RANDBETWEEN(DATE(2023,1,1), DATE(2025,12,31)) -> 45786 | D2: =TEXT(RANDBETWEEN(TIME(6,0,0)*86400, TIME(22,0,0)*86400)/86400,"hh:mm AM/PM") -> 08:04 PM | E2: {=_xlfn.IFS(Membership_Data!D2<=40,"Intense",Membership_Data!D2>40,"Normal")} -> Intense | F2: {=_xlfn.IFS(Membership_Data!D2<=35,"90 Minutes",Membership_Data!D2>=36,"50 Minutes")} -> 90 Minutes
A3: GYM-20251224-002 | B3: M002 | C3: =RANDBETWEEN(DATE(2023,1,1), DATE(2025,12,31)) -> 45501 | D3: =TEXT(RANDBETWEEN(TIME(6,0,0)*86400, TIME(22,0,0)*86400)/86400,"hh:mm AM/PM") -> 10:34 AM | E3: {=_xlfn.IFS(Membership_Data!D3<=40,"Intense",Membership_Data!D3>40,"Normal")} -> Normal | F3: {=_xlfn.IFS(Membership_Data!D3<=35,"90 Minutes",Membership_Data!D3>=36,"50 Minutes")} -> 50 Minutes
A4: GYM-20251224-003 | B4: M003 | C4: =RANDBETWEEN(DATE(2023,1,1), DATE(2025,12,31)) -> 45689 | D4: =TEXT(RANDBETWEEN(TIME(6,0,0)*86400, TIME(22,0,0)*86400)/86400,"hh:mm AM/PM") -> 09:57 PM | E4: {=_xlfn.IFS(Membership_Data!D4<=40,"Intense",Membership_Data!D4>40,"Normal")} -> Intense | F4: {=_xlfn.IFS(Membership_Data!D4<=35,"90 Minutes",Membership_Data!D4>=36,"50 Minutes")} -> 50 Minutes
A5: GYM-20251224-004 | B5: M004 | C5: =RANDBETWEEN(DATE(2023,1,1), DATE(2025,12,31)) -> 45942 | D5: =TEXT(RANDBETWEEN(TIME(6,0,0)*86400, TIME(22,0,0)*86400)/86400,"hh:mm AM/PM") -> 12:12 PM | E5: {=_xlfn.IFS(Membership_Data!D5<=40,"Intense",Membership_Data!D5>40,"Normal")} -> Normal | F5: {=_xlfn.IFS(Membership_Data!D5<=35,"90 Minutes",Membership_Data!D5>=36,"50 Minutes")} -> 50 Minutes
A6: GYM-20251224-005 | B6: M005 | C6: =RANDBETWEEN(DATE(2023,1,1), DATE(2025,12,31)) -> 45856 | D6: =TEXT(RANDBETWEEN(TIME(6,0,0)*86400, TIME(22,0,0)*86400)/86400,"hh:mm AM/PM") -> 01:32 PM | E6: {=_xlfn.IFS(Membership_Data!D6<=40,"Intense",Membership_Data!D6>40,"Normal")} -> Normal | F6: {=_xlfn.IFS(Membership_Data!D6<=35,"90 Minutes",Membership_Data!D6>=36,"50 Minutes")} -> 50 Minutes
A7: GYM-20251224-006 | B7: M006 | C7: =RANDBETWEEN(DATE(2023,1,1), DATE(2025,12,31)) -> 44970 | D7: =TEXT(RANDBETWEEN(TIME(6,0,0)*86400, TIME(22,0,0)*86400)/86400,"hh:mm AM/PM") -> 07:16 AM | E7: {=_xlfn.IFS(Membership_Data!D7<=40,"Intense",Membership_Data!D7>40,"Normal")} -> Normal | F7: {=_xlfn.IFS(Membership_Data!D7<=35,"90 Minutes",Membership_Data!D7>=36,"50 Minutes")} -> 50 Minutes
A8: GYM-20251224-007 | B8: M007 | C8: =RANDBETWEEN(DATE(2023,1,1), DATE(2025,12,31)) -> 45476 | D8: =TEXT(RANDBETWEEN(TIME(6,0,0)*86400, TIME(22,0,0)*86400)/86400,"hh:mm AM/PM") -> 07:47 AM | E8: {=_xlfn.IFS(Membership_Data!D8<=40,"Intense",Membership_Data!D8>40,"Normal")} -> Intense | F8: {=_xlfn.IFS(Membership_Data!D8<=35,"90 Minutes",Membership_Data!D8>=36,"50 Minutes")} -> 90 Minutes
A9: GYM-20251224-008 | B9: M008 | C9: =RANDBETWEEN(DATE(2023,1,1), DATE(2025,12,31)) -> 45143 | D9: =TEXT(RANDBETWEEN(TIME(6,0,0)*86400, TIME(22,0,0)*86400)/86400,"hh:mm AM/PM") -> 01:39 PM | E9: {=_xlfn.IFS(Membership_Data!D9<=40,"Intense",Membership_Data!D9>40,"Normal")} -> Normal | F9: {=_xlfn.IFS(Membership_Data!D9<=35,"90 Minutes",Membership_Data!D9>=36,"50 Minutes")} -> 50 Minutes
A10: GYM-20251224-009 | B10: M009 | C10: =RANDBETWEEN(DATE(2023,1,1), DATE(2025,12,31)) -> 45546 | D10: =TEXT(RANDBETWEEN(TIME(6,0,0)*86400, TIME(22,0,0)*86400)/86400,"hh:mm AM/PM") -> 05:13 PM | E10: {=_xlfn.IFS(Membership_Data!D10<=40,"Intense",Membership_Data!D10>40,"Normal")} -> Normal | F10: {=_xlfn.IFS(Membership_Data!D10<=35,"90 Minutes",Membership_Data!D10>=36,"50 Minutes")} -> 50 Minutes
A11: GYM-20251224-010 | B11: M010 | C11: =RANDBETWEEN(DATE(2023,1,1), DATE(2025,12,31)) -> 45190 | D11: =TEXT(RANDBETWEEN(TIME(6,0,0)*86400, TIME(22,0,0)*86400)/86400,"hh:mm AM/PM") -> 06:18 PM | E11: {=_xlfn.IFS(Membership_Data!D11<=40,"Intense",Membership_Data!D11>40,"Normal")} -> Normal | F11: {=_xlfn.IFS(Membership_Data!D11<=35,"90 Minutes",Membership_Data!D11>=36,"50 Minutes")} -> 50 Minutes
A12: GYM-20251224-011 | B12: M011 | C12: =RANDBETWEEN(DATE(2023,1,1), DATE(2025,12,31)) -> 45458 | D12: =TEXT(RANDBETWEEN(TIME(6,0,0)*86400, TIME(22,0,0)*86400)/86400,"hh:mm AM/PM") -> 11:45 AM | E12: {=_xlfn.IFS(Membership_Data!D12<=40,"Intense",Membership_Data!D12>40,"Normal")} -> Normal | F12: {=_xlfn.IFS(Membership_Data!D12<=35,"90 Minutes",Membership_Data!D12>=36,"50 Minutes")} -> 50 Minutes
A13: GYM-20251224-012 | B13: M012 | C13: =RANDBETWEEN(DATE(2023,1,1), DATE(2025,12,31)) -> 45223 | D13: =TEXT(RANDBETWEEN(TIME(6,0,0)*86400, TIME(22,0,0)*86400)/86400,"hh:mm AM/PM") -> 05:21 PM | E13: {=_xlfn.IFS(Membership_Data!D13<=40,"Intense",Membership_Data!D13>40,"Normal")} -> Normal | F13: {=_xlfn.IFS(Membership_Data!D13<=35,"90 Minutes",Membership_Data!D13>=36,"50 Minutes")} -> 50 Minutes
... A201: GYM-20251224-200 | B201: M200 | C201: =RANDBETWEEN(DATE(2023,1,1), DATE(2025,12,31)) -> 45028 | D201: =TEXT(RANDBETWEEN(TIME(6,0,0)*86400, TIME(22,0,0)*86400)/86400,"hh:mm AM/PM") -> 09:00 AM | E201: {=_xlfn.IFS(Membership_Data!D201<=40,"Intense",Membership_Data!D201>40,"Normal")} -> Normal | F201: {=_xlfn.IFS(Membership_Data!D201<=35,"90 Minutes",Membership_Data!D201>=36,"50 Minutes")} -> 50 Minutes

Sheet Payments Data
A1: Payment ID | B1: Member ID | C1: Payment Date | D1: Amount | E1: Payment Method
A2: PAY-M001-20251224-001 | B2: M001 | C2: =TEXT(RANDBETWEEN(DATE(2024,1,1), DATE(2025,12,31)),"dd-mm-yyyy") -> 20-07-2024 | D2: {=_xlfn.IFS(Membership_Data!F2="Basic","5000",Membership_Data!F2="Standard","7500",Membership_Data!F2="Premium","10000")} -> 5000 | E2: {=_xlfn.IFS(D2="5000","Cash",D2="7500","Debit Card",D2="10000","Credit Card")} -> Cash
A3: PAY-M001-20251224-002 | B3: M002 | C3: =TEXT(RANDBETWEEN(DATE(2024,1,1), DATE(2025,12,31)),"dd-mm-yyyy") -> 04-06-2024 | D3: {=_xlfn.IFS(Membership_Data!F3="Basic","5000",Membership_Data!F3="Standard","7500",Membership_Data!F3="Premium","10000")} -> 10000 | E3: {=_xlfn.IFS(D3="5000","Cash",D3="7500","Debit Card",D3="10000","Credit Card")} -> Credit Card
A4: PAY-M001-20251224-003 | B4: M003 | C4: =TEXT(RANDBETWEEN(DATE(2024,1,1), DATE(2025,12,31)),"dd-mm-yyyy") -> 04-08-2025 | D4: {=_xlfn.IFS(Membership_Data!F4="Basic","5000",Membership_Data!F4="Standard","7500",Membership_Data!F4="Premium","10000")} -> 7500 | E4: {=_xlfn.IFS(D4="5000","Cash",D4="7500","Debit Card",D4="10000","Credit Card")} -> Debit Card
A5: PAY-M001-20251224-004 | B5: M004 | C5: =TEXT(RANDBETWEEN(DATE(2024,1,1), DATE(2025,12,31)),"dd-mm-yyyy") -> 05-11-2024 | D5: {=_xlfn.IFS(Membership_Data!F5="Basic","5000",Membership_Data!F5="Standard","7500",Membership_Data!F5="Premium","10000")} -> 5000 | E5: {=_xlfn.IFS(D5="5000","Cash",D5="7500","Debit Card",D5="10000","Credit Card")} -> Cash
A6: PAY-M001-20251224-005 | B6: M005 | C6: =TEXT(RANDBETWEEN(DATE(2024,1,1), DATE(2025,12,31)),"dd-mm-yyyy") -> 30-03-2024 | D6: {=_xlfn.IFS(Membership_Data!F6="Basic","5000",Membership_Data!F6="Standard","7500",Membership_Data!F6="Premium","10000")} -> 10000 | E6: {=_xlfn.IFS(D6="5000","Cash",D6="7500","Debit Card",D6="10000","Credit Card")} -> Credit Card
A7: PAY-M001-20251224-006 | B7: M006 | C7: =TEXT(RANDBETWEEN(DATE(2024,1,1), DATE(2025,12,31)),"dd-mm-yyyy") -> 15-05-2024 | D7: {=_xlfn.IFS(Membership_Data!F7="Basic","5000",Membership_Data!F7="Standard","7500",Membership_Data!F7="Premium","10000")} -> 7500 | E7: {=_xlfn.IFS(D7="5000","Cash",D7="7500","Debit Card",D7="10000","Credit Card")} -> Debit Card
A8: PAY-M001-20251224-007 | B8: M007 | C8: =TEXT(RANDBETWEEN(DATE(2024,1,1), DATE(2025,12,31)),"dd-mm-yyyy") -> 04-07-2024 | D8: {=_xlfn.IFS(Membership_Data!F8="Basic","5000",Membership_Data!F8="Standard","7500",Membership_Data!F8="Premium","10000")} -> 5000 | E8: {=_xlfn.IFS(D8="5000","Cash",D8="7500","Debit Card",D8="10000","Credit Card")} -> Cash
A9: PAY-M001-20251224-008 | B9: M008 | C9: =TEXT(RANDBETWEEN(DATE(2024,1,1), DATE(2025,12,31)),"dd-mm-yyyy") -> 03-10-2024 | D9: {=_xlfn.IFS(Membership_Data!F9="Basic","5000",Membership_Data!F9="Standard","7500",Membership_Data!F9="Premium","10000")} -> 10000 | E9: {=_xlfn.IFS(D9="5000","Cash",D9="7500","Debit Card",D9="10000","Credit Card")} -> Credit Card
A10: PAY-M001-20251224-009 | B10: M009 | C10: =TEXT(RANDBETWEEN(DATE(2024,1,1), DATE(2025,12,31)),"dd-mm-yyyy") -> 05-05-2024 | D10: {=_xlfn.IFS(Membership_Data!F10="Basic","5000",Membership_Data!F10="Standard","7500",Membership_Data!F10="Premium","10000")} -> 7500 | E10: {=_xlfn.IFS(D10="5000","Cash",D10="7500","Debit Card",D10="10000","Credit Card")} -> Debit Card
A11: PAY-M001-20251224-010 | B11: M010 | C11: =TEXT(RANDBETWEEN(DATE(2024,1,1), DATE(2025,12,31)),"dd-mm-yyyy") -> 19-01-2024 | D11: {=_xlfn.IFS(Membership_Data!F11="Basic","5000",Membership_Data!F11="Standard","7500",Membership_Data!F11="Premium","10000")} -> 5000 | E11: {=_xlfn.IFS(D11="5000","Cash",D11="7500","Debit Card",D11="10000","Credit Card")} -> Cash
A12: PAY-M001-20251224-011 | B12: M011 | C12: =TEXT(RANDBETWEEN(DATE(2024,1,1), DATE(2025,12,31)),"dd-mm-yyyy") -> 31-01-2025 | D12: {=_xlfn.IFS(Membership_Data!F12="Basic","5000",Membership_Data!F12="Standard","7500",Membership_Data!F12="Premium","10000")} -> 10000 | E12: {=_xlfn.IFS(D12="5000","Cash",D12="7500","Debit Card",D12="10000","Credit Card")} -> Credit Card
A13: PAY-M001-20251224-012 | B13: M012 | C13: =TEXT(RANDBETWEEN(DATE(2024,1,1), DATE(2025,12,31)),"dd-mm-yyyy") -> 19-06-2025 | D13: {=_xlfn.IFS(Membership_Data!F13="Basic","5000",Membership_Data!F13="Standard","7500",Membership_Data!F13="Premium","10000")} -> 7500 | E13: {=_xlfn.IFS(D13="5000","Cash",D13="7500","Debit Card",D13="10000","Credit Card")} -> Debit Card
... A201: PAY-M001-20251224-200 | B201: M200 | C201: =TEXT(RANDBETWEEN(DATE(2024,1,1), DATE(2025,12,31)),"dd-mm-yyyy") -> 19-05-2024 | D201: {=_xlfn.IFS(Membership_Data!F201="Basic","5000",Membership_Data!F201="Standard","7500",Membership_Data!F201="Premium","10000")} -> 10000 | E201: {=_xlfn.IFS(D201="5000","Cash",D201="7500","Debit Card",D201="10000","Credit Card")} -> Credit Card
